first_name,last_name,gender,birthday,email,phone
Hadley,Yurkevich,Male,1993/03/17,hyurkevich0@usda.gov,434-810-9921
Odell,Jewks,Male,1991/01/20,ojewks1@sina.com.cn,278-497-4745
Mikel,Meriet,Male,1991/09/08,mmeriet2@1688.com,558-427-6064
Chaunce,Hubber,Male,1990/12/05,chubber3@home.pl,398-509-7986
Anett,Pretorius,Female,2000/02/22,apretorius4@amazon.de,570-271-8589
Bennie,Rosenvasser,Male,1998/03/15,brosenvasser5@hp.com,942-244-2192
Killie,Beazley,Male,1991/08/23,kbeazley6@photobucket.com,655-682-6405
Haydon,Poutress,Male,1993/12/27,hpoutress7@plala.or.jp,702-922-6204
Dino,Lombard,Male,1990/11/16,dlombard8@google.ca,430-911-0374
Radcliffe,Adrian,Male,1995/11/11,radrian9@ask.com,441-342-7191